  CO, NUMBER, DATE
  CZ, 420234095690, 2018-08-27
  CZ, 420234708439, 2019-01-10
  CZ, 420234768131, 2019-09-17
  CZ, 420604154806, 2020-03-30
  CZ, 420604852028, 2019-12-12
  CZ, 420604871519, 2020-03-30
  CZ, 420605118029, 2020-08-28
  CZ, 420605395315, 2021-09-03
  CZ, 420605993434, 2021-09-03
  CZ, 420608421759, 2020-01-21
  CZ, 420608421915, 2019-08-22
  CZ, 420703412817, 2020-03-30
  CZ, 420737180163, 2021-09-03
  CZ, 420739157740, 2020-08-28
  CZ, 420773638622, 2020-02-07
  CH, 41435000470, 2019-03-13
  CH, 41766013137, 2020-03-30
  CH, 41766013251, 2020-02-13
  CH, 41766013486, 2020-03-30
  CH, 41766013523, 2018-08-27
  CH, 41767165097, 2019-11-18
  CH, 41792498740, 2019-04-24
  CH, 41796000439, 2019-05-09
  CH, 41798070126, 2019-05-09
  CH, 41798070333, 2019-09-11
  CH, 41798070756, 2019-04-04
  CH, 41798071447, 2018-08-27
  CH, 41798072475, 2018-08-27
  CH, 41798074527, 2021-09-03
  CH, 41798075998, 2019-12-12
  CH, 41800666966, 2019-01-29 
  PL, 48459360911, 2021-05-19
  PL, 48459366151, 2021-09-03
  PL, 48459367863, 2021-09-03
  PL, 48502777111, 2019-09-11
  PL, 48504642148, 2021-05-19
  PL, 48507214128, 2020-08-04
  PL, 48507214149, 2020-03-09
  PL, 48507214973, 2020-02-27
  PL, 48507215056, 2020-02-13
  PL, 48507215073, 2020-02-13
  PL, 48510621190, 2021-08-24
  PL, 48512636596, 2019-02-21
  PL, 48513238262, 2021-08-24
  PL, 48514822974, 2021-05-19
  PL, 48516212433, 2019-04-16
  PL, 48516967892, 2019-04-16
  PL, 48518198601, 2020-01-14
  PL, 48518581064, 2020-01-21
  PL, 48531525609, 2019-01-24
  PL, 48570323547, 2019-04-04
  PL, 48573500072, 2021-06-29
  PL, 48579013673, 2019-04-11
  PL, 48579013677, 2019-04-11
  PL, 48579014370, 2019-04-04
  PL, 48579041110, 2019-05-20
  PL, 48579041395, 2019-09-11
  PL, 48579041436, 2019-05-20
  PL, 48579041799, 2019-05-20
  PL, 48579069342, 2019-05-09
  PL, 48579551358, 2021-08-24
  PL, 48579564398, 2021-05-19
  PL, 48579606221, 2021-03-25
  PL, 48579606632, 2021-09-03
  PL, 48579609264, 2021-03-25
  PL, 48579945624, 2019-04-24
  PL, 48579946223, 2019-04-25
  PL, 48579972665, 2019-04-11
  PL, 48579974197, 2019-03-05
  PL, 48600693581, 2019-04-24
  PL, 48601191395, 2019-01-24
  PL, 48601861421, 2019-01-25
  PL, 48605065935, 2019-01-25
  PL, 48661002484, 2019-04-24
  PL, 48661012682, 2019-01-17
  PL, 48663014054, 2019-01-17
  PL, 48664079223, 2019-04-24
  PL, 48664079261, 2019-04-25
  PL, 48669246583, 2019-01-24
  PL, 48669937590, 2019-01-17
  PL, 48690439978, 2019-04-04
  PL, 48691121097, 2019-01-17
  PL, 48693037093, 2019-01-17
  PL, 48698691948, 2019-10-29
  PL, 48698961948, 2019-12-12
  PL, 48722717428, 2021-09-03
  PL, 48722717429, 2021-09-03
  PL, 48722717430, 2021-09-03
  PL, 48727837084, 2019-12-12
  PL, 48727842477, 2021-09-03
  PL, 48727842492, 2020-03-09
  PL, 48727842501, 2021-09-03
  PL, 48727842502, 2020-03-30
  PL, 48727842524, 2020-11-30
  PL, 48727842536, 2021-09-03
  PL, 48727842547, 2021-09-03
  PL, 48727845896, 2019-01-08
  PL, 48727845897, 2019-09-11
  PL, 48727870334, 2019-09-11
  PL, 48727870346, 2019-08-22
  PL, 48728201714, 2019-04-25
  PL, 48729085504, 2021-09-03
  PL, 48729085505, 2021-09-03
  PL, 48729085557, 2021-09-03
  PL, 48729086034, 2021-09-03
  PL, 48732054103, 2021-09-03
  PL, 48732054115, 2021-08-24
  PL, 48732054135, 2021-09-03
  PL, 48732054143, 2021-09-03
  PL, 48732080207, 2020-01-16
  PL, 48732085512, 2019-12-12
  PL, 48732085727, 2019-12-12
  PL, 48732085733, 2019-12-12
  PL, 48732100527, 2021-09-03
  PL, 48732100751, 2018-08-27
  PL, 48732100847, 2020-03-30
  PL, 48732100901, 2019-01-08
  PL, 48732104220, 2021-09-03
  PL, 48732104319, 2018-10-12
  PL, 48732104336, 2018-10-12
  PL, 48732104373, 2019-10-01
  PL, 48732104465, 2019-10-01
  PL, 48732104532, 2019-01-08
  PL, 48732104653, 2020-03-09
  PL, 48732104779, 2018-11-22
  PL, 48732104789, 2019-01-08
  PL, 48732104811, 2019-01-08
  PL, 48732104959, 2019-09-11
  PL, 48732121026, 2019-09-11
  PL, 48732121090, 2019-02-08
  PL, 48732121124, 2019-01-29
  PL, 48732121144, 2019-02-08
  PL, 48732121157, 2019-02-21
  PL, 48732121158, 2019-02-21
  PL, 48732121214, 2019-03-05
  PL, 48732121243, 2019-09-11
  PL, 48732121309, 2019-03-13
  PL, 48732121332, 2021-08-24
  PL, 48732121343, 2021-08-24
  PL, 48732121377, 2019-11-18
  PL, 48732121458, 2019-04-25
  PL, 48732121620, 2019-11-18
  PL, 48732121761, 2019-08-22
  PL, 48732121801, 2021-08-24
  PL, 48732121829, 2019-10-01
  PL, 48732121864, 2019-10-10
  PL, 48732121913, 2020-02-13
  PL, 48732123036, 2019-11-18
  PL, 48732123037, 2019-11-18
  PL, 48732123038, 2019-11-18
  PL, 48732123061, 2020-03-30
  PL, 48732123068, 2021-09-03
  PL, 48732123092, 2021-09-03
  PL, 48732231012, 2021-08-24
  PL, 48732231033, 2021-09-03
  PL, 48732231234, 2019-10-10
  PL, 48732231269, 2019-11-18
  PL, 48732231376, 2019-10-10
  PL, 48732231558, 2020-02-27
  PL, 48732231714, 2019-10-10
  PL, 48732232093, 2019-10-10
  PL, 48732232370, 2019-09-11
  PL, 48732232492, 2019-01-08
  PL, 48732232520, 2019-02-21
  PL, 48732232541, 2019-02-08
  PL, 48732232556, 2019-09-11
  PL, 48732232558, 2020-01-16
  PL, 48732232581, 2019-09-11
  PL, 48732232584, 2019-02-08
  PL, 48732232586, 2019-01-08
  PL, 48732232589, 2019-01-08
  PL, 48732232605, 2018-11-06
  PL, 48732232606, 2019-02-21
  PL, 48732232614, 2018-12-05
  PL, 48732232617, 2019-01-08
  PL, 48732232618, 2019-09-11
  PL, 48732232620, 2018-11-09
  PL, 48732232623, 2019-01-08
  PL, 48732232632, 2019-01-24
  PL, 48732232634, 2019-01-17
  PL, 48732232635, 2019-01-17
  PL, 48732232639, 2019-01-08
  PL, 48732232646, 2019-01-08
  PL, 48732232672, 2020-09-28
  PL, 48732232685, 2018-12-05
  PL, 48732232695, 2018-11-22
  PL, 48732232697, 2019-01-08
  PL, 48732232698, 2019-01-08
  PL, 48732232700, 2018-11-06
  PL, 48732232701, 2019-01-24
  PL, 48732232708, 2018-11-06
  PL, 48732232711, 2018-11-06
  PL, 48732232716, 2019-01-29
  PL, 48732232721, 2019-04-04
  PL, 48732232750, 2019-02-08
  PL, 48732232754, 2019-02-21
  PL, 48732232757, 2018-11-14
  PL, 48732232763, 2019-02-21
  PL, 48732232768, 2019-01-17
  PL, 48732232778, 2019-01-24
  PL, 48732232791, 2019-09-11
  PL, 48732232858, 2019-10-10
  PL, 48732232862, 2018-10-30
  PL, 48732232944, 2019-08-22
  PL, 48732483536, 2019-01-29
  PL, 48732489006, 2020-11-13
  PL, 48737349842, 2021-09-03
  PL, 48737491522, 2019-03-05
  PL, 48781141841, 2019-01-17
  PL, 48792476077, 2021-08-24
  PL, 48794334038, 2019-05-20
  PL, 48797429548, 2020-01-21
  PL, 48797964630, 2020-11-30
  PL, 48797964633, 2021-09-03
  PL, 48797964634, 2020-08-28
  PL, 48797964638, 2020-03-09
  PL, 48797964679, 2020-08-04
  PL, 48798622264, 2021-08-24
  PL, 48798622274, 2021-08-24
  PL, 48798622381, 2021-08-24
  PL, 48798622481, 2021-08-24
  PL, 48798623302, 2021-08-24
  PL, 48798623318, 2021-08-24
  PL, 48799449131, 2019-01-08
  PL, 48799449231, 2019-01-08
  PL, 48799449529, 2018-08-27
  PL, 48799449595, 2018-08-27
  PL, 48799599616, 2019-01-25
  PL, 48799599647, 2018-08-27
  PL, 48799773211, 2021-08-26
  PL, 48799892904, 2021-09-03
  PL, 48799985412, 2019-01-25
  PL, 48882431801, 2019-04-24
